{
  "exponential": {
    "rk3": {"time": 0.000038, "error": 1.136854e-08, "accuracy": 1.000000, "steps": 201},
    "ddrk3": {"time": 0.001136, "error": 3.146765e-08, "accuracy": 1.000000, "steps": 201}
  },
  "oscillator": {
    "rk3": {"time": 0.000100, "error": 3.185303e-03, "accuracy": 0.996820, "steps": 629},
    "ddrk3": {"time": 0.003615, "error": 3.185534e-03, "accuracy": 0.996820, "steps": 629}
  },
  "lorenz": {
    "rk3": {"time": 0.000028, "steps": 101},
    "ddrk3": {"time": 0.000663, "steps": 101}
  }
}
