{
  "exponential": {
    "rk3": {"time": 0.000035, "error": 1.136854e-08, "accuracy": 1.000000, "steps": 201},
    "ddrk3": {"time": 0.000173, "error": 1.138231e-08, "accuracy": 1.000000, "steps": 201}
  },
  "oscillator": {
    "rk3": {"time": 0.000100, "error": 3.185303e-03, "accuracy": 0.996820, "steps": 629},
    "ddrk3": {"time": 0.000552, "error": 3.185313e-03, "accuracy": 0.996820, "steps": 629}
  },
  "lorenz": {
    "rk3": {"time": 0.000017, "steps": 101},
    "ddrk3": {"time": 0.000093, "steps": 101}
  }
}
