Method,Time(s),Steps,Error,Accuracy(%)
RK3,0.000034,201,1.136854e-08,99.999992
DDRK3,0.000171,201,1.138231e-08,99.999992
AM,0.000059,201,1.156447e-08,99.999991
DDAM,0.000712,201,1.158034e-08,99.999991
