Method,Time(s),Steps,Error,Accuracy(%)
RK3,0.000103,629,3.185303e-03,99.682004
DDRK3,0.003798,629,3.185209e-03,99.681990
AM,0.000192,630,6.814669e-03,99.320833
DDAM,0.005395,630,1.945839e-01,82.551454
