Method,Time(s),Steps,Error,Accuracy(%)
RK3,0.000104,629,3.185303e-03,99.682004
DDRK3,0.000553,629,3.185304e-03,99.682004
AM,0.000191,630,6.814669e-03,99.320833
DDAM,0.002377,630,6.814428e-03,99.320914
